{
  "generated_at_utc": "2026-06-23T10:39:48.309265+00:00",
  "sample_size": 200,
  "confidence_threshold": 0.85,
  "overall_agreement": 0.83,
  "high_confidence_agreement": 0.8341708542713567,
  "pct_above_threshold": 0.995,
  "reject_recall": 0.67,
  "reject_precision": 0.9852941176470589,
  "per_class": {
    "PROMOTE": {
      "n": 100,
      "agreement": 0.99,
      "avg_confidence": 0.9754730892181397
    },
    "REJECT": {
      "n": 100,
      "agreement": 0.67,
      "avg_confidence": 0.9710590678453446
    }
  },
  "confusion_matrix": [
    [
      99,
      1
    ],
    [
      33,
      67
    ]
  ],
  "n_high_conf_disagreements": 33,
  "n_low_conf_cases": 1
}