{
  "generated_at_utc": "2026-05-19T20:32:40.110210+00:00",
  "sample_size": 200,
  "confidence_threshold": 0.5,
  "overall_agreement": 0.92,
  "high_confidence_agreement": 0.8333333333333334,
  "pct_above_threshold": 0.27,
  "pct_below_threshold": 0.73,
  "per_tier": {
    "Tier 1": {
      "n": 149,
      "agreement": 0.9328859060402684,
      "avg_confidence": 0.4883501751710905
    },
    "Tier 2": {
      "n": 47,
      "agreement": 0.9574468085106383,
      "avg_confidence": 0.6285508902783089
    },
    "Tier 3": {
      "n": 4,
      "agreement": 0.0,
      "avg_confidence": 0.48168085515499115
    }
  },
  "confusion_matrix": [
    [
      139,
      10,
      0
    ],
    [
      2,
      45,
      0
    ],
    [
      4,
      0,
      0
    ]
  ],
  "n_high_conf_disagreements": 9,
  "n_low_conf_cases": 146
}