{
  "trained_at_utc": "2026-06-23T18:54:07.710445+00:00",
  "task": "promote_classifier_binary",
  "base_model": "microsoft/MiniLM-L12-H384-uncased",
  "n_train": 1026,
  "n_val": 113,
  "train_class_dist": {
    "PROMOTE": 864,
    "REJECT": 162
  },
  "val_class_dist": {
    "PROMOTE": 96,
    "REJECT": 17
  },
  "imbalance_ratio": 5.333333333333333,
  "class_weight_mode": "sqrt",
  "class_weights": [
    0.7705517411231995,
    1.7795130014419556
  ],
  "epochs": 5,
  "lr": 2e-05,
  "batch_size": 16,
  "max_length": 256,
  "seed": 42,
  "final_train_loss": 0.27273820326878473,
  "eval": {
    "eval_loss": 0.11224699765443802,
    "eval_accuracy": 0.9823008849557522,
    "eval_f1_macro": 0.9653799019607843,
    "eval_f1_weighted": 0.9823008849557522,
    "eval_promote_recall": 0.9895833333333334,
    "eval_reject_recall": 0.9411764705882353,
    "eval_reject_precision": 0.9411764705882353,
    "eval_runtime": 8.5497,
    "eval_samples_per_second": 13.217,
    "eval_steps_per_second": 0.936,
    "epoch": 5.0
  },
  "confusion_matrix": [
    [
      95,
      1
    ],
    [
      1,
      16
    ]
  ]
}