{
  "trained_at_utc": "2026-07-02T15:27:08.977014+00:00",
  "task": "promote_classifier_binary",
  "base_model": "microsoft/MiniLM-L12-H384-uncased",
  "n_train": 1044,
  "n_val": 115,
  "train_class_dist": {
    "PROMOTE": 866,
    "REJECT": 178
  },
  "val_class_dist": {
    "PROMOTE": 96,
    "REJECT": 19
  },
  "imbalance_ratio": 4.865168539325842,
  "class_weight_mode": "sqrt",
  "class_weights": [
    0.7763835191726685,
    1.7124789953231812
  ],
  "epochs": 5,
  "lr": 2e-05,
  "batch_size": 16,
  "max_length": 256,
  "seed": 42,
  "final_train_loss": 0.271044834003304,
  "eval": {
    "eval_loss": 0.13932859897613525,
    "eval_accuracy": 0.9826086956521739,
    "eval_f1_macro": 0.9670675830469645,
    "eval_f1_weighted": 0.9822152497634344,
    "eval_promote_recall": 1.0,
    "eval_reject_recall": 0.8947368421052632,
    "eval_reject_precision": 1.0,
    "eval_runtime": 10.0454,
    "eval_samples_per_second": 11.448,
    "eval_steps_per_second": 0.796,
    "epoch": 5.0
  },
  "confusion_matrix": [
    [
      96,
      0
    ],
    [
      2,
      17
    ]
  ]
}