{
  "trained_at_utc": "2026-06-22T21:09:18.276630+00:00",
  "base_model": "microsoft/MiniLM-L12-H384-uncased",
  "n_train": 866,
  "n_val": 94,
  "train_class_dist": {
    "Tier 1": 630,
    "Tier 2": 191,
    "Tier 3": 45
  },
  "val_class_dist": {
    "Tier 1": 69,
    "Tier 2": 21,
    "Tier 3": 4
  },
  "class_weight_mode": "none",
  "class_weights": [
    1.0,
    1.0,
    1.0
  ],
  "epochs": 8,
  "lr": 2e-05,
  "batch_size": 16,
  "max_length": 128,
  "seed": 42,
  "final_train_loss": 0.5500089992176402,
  "eval": {
    "eval_loss": 0.40282025933265686,
    "eval_accuracy": 0.8723404255319149,
    "eval_f1_macro": 0.5636024513722355,
    "eval_f1_weighted": 0.8553089443338945,
    "eval_runtime": 2.3306,
    "eval_samples_per_second": 40.334,
    "eval_steps_per_second": 2.574,
    "epoch": 8.0
  },
  "confusion_matrix": [
    [
      65,
      4,
      0
    ],
    [
      4,
      17,
      0
    ],
    [
      1,
      3,
      0
    ]
  ]
}