{
  "trained_at_utc": "2026-05-15T10:01:12.496378+00:00",
  "base_model": "microsoft/MiniLM-L12-H384-uncased",
  "n_train": 549,
  "n_val": 59,
  "train_class_dist": {
    "Tier 1": 386,
    "Tier 2": 140,
    "Tier 3": 23
  },
  "val_class_dist": {
    "Tier 1": 42,
    "Tier 2": 15,
    "Tier 3": 2
  },
  "class_weights": [
    0.4740932583808899,
    1.3071428537368774,
    7.956521511077881
  ],
  "epochs": 4,
  "lr": 2e-05,
  "batch_size": 16,
  "max_length": 128,
  "seed": 42,
  "final_train_loss": 0.9793721607753209,
  "eval": {
    "eval_loss": 0.7052354216575623,
    "eval_accuracy": 0.9152542372881356,
    "eval_f1_macro": 0.6162833150784958,
    "eval_f1_weighted": 0.9001058161768801,
    "eval_runtime": 1.2974,
    "eval_samples_per_second": 45.474,
    "eval_steps_per_second": 3.083,
    "epoch": 4.0
  },
  "confusion_matrix": [
    [
      39,
      3,
      0
    ],
    [
      0,
      15,
      0
    ],
    [
      2,
      0,
      0
    ]
  ]
}