{
  "trained_at_utc": "2026-05-22T19:55:25.650931+00:00",
  "base_model": "microsoft/MiniLM-L12-H384-uncased",
  "n_train": 549,
  "n_val": 59,
  "train_class_dist": {
    "Tier 1": 386,
    "Tier 2": 140,
    "Tier 3": 23
  },
  "val_class_dist": {
    "Tier 1": 42,
    "Tier 2": 15,
    "Tier 3": 2
  },
  "class_weight_mode": "none",
  "class_weights": [
    1.0,
    1.0,
    1.0
  ],
  "epochs": 4,
  "lr": 2e-05,
  "batch_size": 16,
  "max_length": 128,
  "seed": 42,
  "final_train_loss": 0.746330349785941,
  "eval": {
    "eval_loss": 0.47109314799308777,
    "eval_accuracy": 0.9491525423728814,
    "eval_f1_macro": 0.6441492726122707,
    "eval_f1_weighted": 0.9327758659505354,
    "eval_runtime": 1.3162,
    "eval_samples_per_second": 44.826,
    "eval_steps_per_second": 3.039,
    "epoch": 4.0
  },
  "confusion_matrix": [
    [
      41,
      1,
      0
    ],
    [
      0,
      15,
      0
    ],
    [
      2,
      0,
      0
    ]
  ]
}